customer_id,amount,branch_id,date
151,2975.5214783023075,2,2023-01-01 00:00:00
192,3752.653423503217,2,2023-01-01 01:00:00
114,2215.131776525429,9,2023-01-01 02:00:00
171,725.1434836982625,5,2023-01-01 03:00:00
160,1490.50193841375,2,2023-01-01 04:00:00
120,1879.103252353312,9,2023-01-01 05:00:00
182,3264.994482524846,9,2023-01-01 06:00:00
186,2896.813692877668,1,2023-01-01 07:00:00
174,1844.8739568994465,3,2023-01-01 08:00:00
174,4933.9247190856,4,2023-01-01 09:00:00
187,3068.296614848747,7,2023-01-01 10:00:00
199,1262.411279506373,4,2023-01-01 11:00:00
123,598.7341158399784,2,2023-01-01 12:00:00
102,849.009782003227,7,2023-01-01 13:00:00
121,1305.1928690840898,6,2023-01-01 14:00:00
152,887.3387289718228,3,2023-01-01 15:00:00
101,1014.1784178513982,6,2023-01-01 16:00:00
187,1496.9663265998508,6,2023-01-01 17:00:00
129,949.5306169442987,5,2023-01-01 18:00:00
137,4494.150580669483,4,2023-01-01 19:00:00
101,493.14535374204684,1,2023-01-01 20:00:00
163,2670.1058088942477,6,2023-01-01 21:00:00
159,2110.9444522493413,2,2023-01-01 22:00:00
120,4913.655222852171,3,2023-01-01 23:00:00
132,648.9906206234565,8,2023-01-02 00:00:00
175,2049.492435324134,6,2023-01-02 01:00:00
157,4850.405123049308,3,2023-01-02 02:00:00
121,4340.984916880503,7,2023-01-02 03:00:00
188,4103.653147651472,4,2023-01-02 04:00:00
148,1363.7238525202051,9,2023-01-02 05:00:00
190,937.3491782113225,5,2023-01-02 06:00:00
158,3376.3517776297117,3,2023-01-02 07:00:00
141,4653.94234672517,2,2023-01-02 08:00:00
191,2828.138175768256,2,2023-01-02 09:00:00
159,2900.9021784025094,3,2023-01-02 10:00:00
179,1471.8975589353925,2,2023-01-02 11:00:00
114,3870.515372640491,4,2023-01-02 12:00:00
161,1016.5143679318645,2,2023-01-02 13:00:00
161,1686.0282583807941,9,2023-01-02 14:00:00
146,2184.638549220442,2,2023-01-02 15:00:00
161,2587.2908555538297,9,2023-01-02 16:00:00
150,1287.807688833893,6,2023-01-02 17:00:00
154,662.7004412220973,1,2023-01-02 18:00:00
163,3092.038207964,4,2023-01-02 19:00:00
102,1514.2897108772534,1,2023-01-02 20:00:00
150,2948.0672849708003,6,2023-01-02 21:00:00
106,856.3773048435913,4,2023-01-02 22:00:00
120,2457.5864990886057,3,2023-01-02 23:00:00
172,2709.6882195027706,3,2023-01-03 00:00:00
138,353.93533042989185,9,2023-01-03 01:00:00
117,1749.3609631502109,6,2023-01-03 02:00:00
103,758.6319170009738,9,2023-01-03 03:00:00
188,410.53735531656196,5,2023-01-03 04:00:00
159,4950.805138710732,2,2023-01-03 05:00:00
113,1679.5338403761425,8,2023-01-03 06:00:00
108,4068.3847846877106,5,2023-01-03 07:00:00
189,1347.739208342443,2,2023-01-03 08:00:00
152,3439.3633388972535,4,2023-01-03 09:00:00
101,3825.116513459464,9,2023-01-03 10:00:00
183,3018.6298289784368,4,2023-01-03 11:00:00
191,2410.723323895776,4,2023-01-03 12:00:00
159,2118.0204793216158,2,2023-01-03 13:00:00
170,1809.454506060677,6,2023-01-03 14:00:00
143,4654.692806814347,2,2023-01-03 15:00:00
107,4170.035098159873,7,2023-01-03 16:00:00
146,4828.631862265912,3,2023-01-03 17:00:00
134,709.0563950791692,3,2023-01-03 18:00:00
177,3681.2506284978567,5,2023-01-03 19:00:00
180,4697.868238423085,3,2023-01-03 20:00:00
135,988.0420242117348,2,2023-01-03 21:00:00
149,425.83171009720974,9,2023-01-03 22:00:00
103,3731.4911815212895,2,2023-01-03 23:00:00
101,2914.9182545815684,2,2023-01-04 00:00:00
105,4224.961006115533,8,2023-01-04 01:00:00
153,784.8846454688186,9,2023-01-04 02:00:00
103,3996.809828113462,7,2023-01-04 03:00:00
153,1087.9738682339482,3,2023-01-04 04:00:00
192,901.9141200419521,9,2023-01-04 05:00:00
162,904.9024098618654,3,2023-01-04 06:00:00
117,4091.4161291337723,5,2023-01-04 07:00:00
189,3359.4663814113806,9,2023-01-04 08:00:00
143,2663.020581368685,3,2023-01-04 09:00:00
133,1858.2693722051622,7,2023-01-04 10:00:00
173,4398.28264998423,1,2023-01-04 11:00:00
161,2022.9810263709135,4,2023-01-04 12:00:00
199,4101.3372534107275,4,2023-01-04 13:00:00
113,2251.7610519940704,7,2023-01-04 14:00:00
194,1947.027704182047,8,2023-01-04 15:00:00
147,2367.1309497810716,1,2023-01-04 16:00:00
114,1576.7515834042963,5,2023-01-04 17:00:00
171,3763.2859628636306,7,2023-01-04 18:00:00
177,2563.329911453148,4,2023-01-04 19:00:00
186,1237.8422062194047,4,2023-01-04 20:00:00
161,4507.915409045386,4,2023-01-04 21:00:00
139,1981.0669847287359,6,2023-01-04 22:00:00
184,2763.409019458544,7,2023-01-04 23:00:00
179,4541.71334372628,2,2023-01-05 00:00:00
181,3158.7661799785615,5,2023-01-05 01:00:00
152,672.800399470984,4,2023-01-05 02:00:00
123,4705.177405706028,3,2023-01-05 03:00:00
125,3175.7694600499476,7,2023-01-05 04:00:00
188,1741.037511819722,6,2023-01-05 05:00:00
159,782.4331560505975,7,2023-01-05 06:00:00
140,3990.72342742445,5,2023-01-05 07:00:00
128,3138.356504049716,6,2023-01-05 08:00:00
114,2713.9593506839756,5,2023-01-05 09:00:00
888,15000.0,1,2023-01-05 10:00:00
144,4480.073656949692,7,2023-01-05 10:00:00
164,3964.1263350002005,2,2023-01-05 11:00:00
188,843.2069106904808,5,2023-01-05 12:00:00
170,1627.4381321981864,6,2023-01-05 13:00:00
108,1317.5967850908821,6,2023-01-05 14:00:00
187,3745.336833606117,5,2023-01-05 15:00:00
100,264.308930205319,7,2023-01-05 16:00:00
107,2892.459455869451,8,2023-01-05 17:00:00
187,3836.047560129384,7,2023-01-05 18:00:00
162,4396.151620132572,5,2023-01-05 19:00:00
110,1776.2005687079466,1,2023-01-05 20:00:00
180,4124.160792892862,5,2023-01-05 21:00:00
107,642.0955110805154,2,2023-01-05 22:00:00
134,4247.616229499139,5,2023-01-05 23:00:00
134,724.6944454267139,5,2023-01-06 00:00:00
132,2046.7077237457995,2,2023-01-06 01:00:00
104,4006.747292319813,5,2023-01-06 02:00:00
140,834.5953940089915,4,2023-01-06 03:00:00
127,1223.3318366399433,1,2023-01-06 04:00:00
106,3639.0375851260246,3,2023-01-06 05:00:00
172,3628.1790290757644,1,2023-01-06 06:00:00
171,3241.623401137957,5,2023-01-06 07:00:00
111,3500.34737788879,4,2023-01-06 08:00:00
133,2759.3497724032213,7,2023-01-06 09:00:00
132,1333.8153886440684,5,2023-01-06 10:00:00
147,1793.9103681692052,4,2023-01-06 11:00:00
122,989.8288123269858,2,2023-01-06 12:00:00
161,4551.407750534779,4,2023-01-06 13:00:00
187,2958.61979435399,2,2023-01-06 14:00:00
136,2064.1719421418356,8,2023-01-06 15:00:00
198,2363.8284378562503,3,2023-01-06 16:00:00
143,4741.688364097895,9,2023-01-06 17:00:00
185,851.421875268793,4,2023-01-06 18:00:00
190,2972.5261768823066,6,2023-01-06 19:00:00
134,2578.8545265338835,5,2023-01-06 20:00:00
164,3096.1257536297744,1,2023-01-06 21:00:00
198,188.73990072211848,9,2023-01-06 22:00:00
146,4373.407153826342,1,2023-01-06 23:00:00
177,4667.379584169701,8,2023-01-07 00:00:00
102,2869.152599587124,9,2023-01-07 01:00:00
100,3513.589036996772,9,2023-01-07 02:00:00
104,4620.246967768749,1,2023-01-07 03:00:00
189,3565.469308135653,2,2023-01-07 04:00:00
113,847.4413102798806,1,2023-01-07 05:00:00
126,2923.8129648173845,2,2023-01-07 06:00:00
108,3072.903727275994,8,2023-01-07 07:00:00
178,2178.2402893816916,5,2023-01-07 08:00:00
114,3708.576754561142,7,2023-01-07 09:00:00
189,4678.398372368173,2,2023-01-07 10:00:00
141,4635.285713243204,8,2023-01-07 11:00:00
176,2309.1129198802473,6,2023-01-07 12:00:00
150,654.8664246197008,8,2023-01-07 13:00:00
162,4925.721874915439,1,2023-01-07 14:00:00
195,4210.600623585077,1,2023-01-07 15:00:00
151,710.8471378960076,7,2023-01-07 16:00:00
195,4612.125224825124,8,2023-01-07 17:00:00
103,4362.492174104428,3,2023-01-07 18:00:00
193,2642.306479917753,5,2023-01-07 19:00:00
122,2997.249635150153,1,2023-01-07 20:00:00
114,2055.1132489636384,7,2023-01-07 21:00:00
142,368.3320302279535,5,2023-01-07 22:00:00
128,1742.4664840649145,8,2023-01-07 23:00:00
135,4033.981898130256,8,2023-01-08 00:00:00
777,109.86502821105846,2,2023-01-08 00:00:00
112,122.696912722554,9,2023-01-08 01:00:00
131,1734.1459412866066,7,2023-01-08 02:00:00
170,2051.026598595622,1,2023-01-08 03:00:00
158,2733.238454395822,3,2023-01-08 04:00:00
185,4607.292520422527,8,2023-01-08 05:00:00
777,158.47242296969443,1,2023-01-08 05:00:00
127,1797.09537239321,3,2023-01-08 06:00:00
165,1800.0706892915157,8,2023-01-08 07:00:00
141,3713.7561157377672,1,2023-01-08 08:00:00
144,2315.8679103600552,5,2023-01-08 09:00:00
777,92.05016911872814,1,2023-01-08 10:00:00
161,1200.5636324059117,4,2023-01-08 10:00:00
156,2316.953629050198,5,2023-01-08 11:00:00
105,790.1993998610193,8,2023-01-08 12:00:00
127,964.2962338804942,4,2023-01-08 13:00:00
127,2542.0020864234507,4,2023-01-08 14:00:00
143,2152.7347025722847,3,2023-01-08 15:00:00
777,153.11095462043562,2,2023-01-08 15:00:00
183,4582.74491523369,7,2023-01-08 16:00:00
129,1875.7301056715023,3,2023-01-08 17:00:00
161,2944.8829163624127,3,2023-01-08 18:00:00
174,3198.0950108056986,5,2023-01-08 19:00:00
191,164.1628372828348,5,2023-01-08 20:00:00
777,53.67476724014785,2,2023-01-08 20:00:00
188,3351.333122881882,6,2023-01-08 21:00:00
161,972.3762376617819,8,2023-01-08 22:00:00
196,4809.24455560033,6,2023-01-08 23:00:00
100,828.4473659902535,1,2023-01-09 00:00:00
126,2131.6582062624166,8,2023-01-09 01:00:00
777,95.92060113193898,1,2023-01-09 01:00:00
161,518.2133735853549,8,2023-01-09 02:00:00
176,4984.683834045142,9,2023-01-09 03:00:00
102,2560.7555506230888,9,2023-01-09 04:00:00
169,3017.3865848682144,2,2023-01-09 05:00:00
171,428.6747392032947,2,2023-01-09 06:00:00
777,132.36955044157588,1,2023-01-09 06:00:00
126,3774.806304955971,3,2023-01-09 07:00:00
108,1128.5374061683701,1,2023-01-09 08:00:00
161,4500.466018259497,4,2023-01-09 09:00:00
136,1105.184238361835,4,2023-01-09 10:00:00
196,1034.3698312519662,9,2023-01-09 11:00:00
777,144.81347442593633,2,2023-01-09 11:00:00
150,279.0933724556649,9,2023-01-09 12:00:00
143,2413.128031038996,9,2023-01-09 13:00:00
123,2867.7215529868204,7,2023-01-09 14:00:00
178,421.9723331989266,2,2023-01-09 15:00:00
777,136.55609966928662,1,2023-01-09 16:00:00
158,3900.0853218055518,5,2023-01-09 16:00:00
131,2321.1152902653353,4,2023-01-09 17:00:00
195,2669.512319705142,8,2023-01-09 18:00:00
187,2259.7374599973177,2,2023-01-09 19:00:00
151,2063.7389982890973,6,2023-01-09 20:00:00
161,2842.2376234102676,5,2023-01-09 21:00:00
777,154.66344141101442,2,2023-01-09 21:00:00
157,860.6772050604912,2,2023-01-09 22:00:00
151,991.4478394268285,1,2023-01-09 23:00:00
111,4322.749542966235,8,2023-01-10 00:00:00
999,9789.082783079291,1,2023-01-10 00:00:00
138,4735.965764454801,2,2023-01-10 01:00:00
101,1929.2156497707895,7,2023-01-10 02:00:00
777,50.91331223597586,2,2023-01-10 02:00:00
102,1426.6488984034136,9,2023-01-10 03:00:00
155,3255.597761871177,9,2023-01-10 04:00:00
180,2102.7974383806722,8,2023-01-10 05:00:00
158,224.39314273568982,9,2023-01-10 06:00:00
101,865.1477270943327,2,2023-01-10 07:00:00
777,65.14117999662822,2,2023-01-10 07:00:00
101,3608.263921352248,6,2023-01-10 08:00:00
191,3328.7273153597416,4,2023-01-10 09:00:00
999,9777.012972614843,4,2023-01-10 10:00:00
153,232.77036326706911,4,2023-01-10 10:00:00
186,1187.6635934714523,5,2023-01-10 11:00:00
777,180.34163784187177,1,2023-01-10 12:00:00
195,1232.2665032815498,3,2023-01-10 12:00:00
196,3392.2744436337694,1,2023-01-10 13:00:00
100,196.58163499638437,8,2023-01-10 14:00:00
118,610.1320517244119,5,2023-01-10 15:00:00
101,4019.588818328628,3,2023-01-10 16:00:00
777,152.2622966135242,1,2023-01-10 17:00:00
152,974.8688440662347,7,2023-01-10 17:00:00
143,3298.455928474186,7,2023-01-10 18:00:00
189,1267.09562712896,1,2023-01-10 19:00:00
131,587.2628245207914,9,2023-01-10 20:00:00
999,9553.774051763248,9,2023-01-10 20:00:00
169,1291.543735897325,2,2023-01-10 21:00:00
131,3639.10796609273,5,2023-01-10 22:00:00
777,66.93974640290169,2,2023-01-10 22:00:00
167,4292.9126937208,5,2023-01-10 23:00:00
154,4168.077336378259,8,2023-01-11 00:00:00
174,2046.1992951304287,8,2023-01-11 01:00:00
155,3373.6171691961663,7,2023-01-11 02:00:00
116,1104.4230475375227,7,2023-01-11 03:00:00
777,176.31116560978688,1,2023-01-11 03:00:00
137,1536.423878278965,6,2023-01-11 04:00:00
123,4492.045510753487,6,2023-01-11 05:00:00
168,163.70942520260658,9,2023-01-11 06:00:00
999,9619.758235348672,5,2023-01-11 06:00:00
197,518.9918011868936,6,2023-01-11 07:00:00
777,86.33468267368504,1,2023-01-11 08:00:00
169,1118.6426502155339,2,2023-01-11 08:00:00
185,230.0077989817166,2,2023-01-11 09:00:00
110,989.0336319400068,5,2023-01-11 10:00:00
115,2956.903648751492,4,2023-01-11 11:00:00
196,2164.98029790324,2,2023-01-11 12:00:00
777,121.73898262928353,1,2023-01-11 13:00:00
172,4474.091384277177,3,2023-01-11 13:00:00
158,4105.47345251836,7,2023-01-11 14:00:00
169,1774.9050233195921,8,2023-01-11 15:00:00
999,9643.486210166806,1,2023-01-11 16:00:00
179,1371.1748238133332,6,2023-01-11 16:00:00
192,1960.4928000196078,5,2023-01-11 17:00:00
102,2992.445218322558,1,2023-01-11 18:00:00
777,71.77947693269904,1,2023-01-11 18:00:00
119,1413.5118400320937,8,2023-01-11 19:00:00
158,3158.3296484607567,3,2023-01-11 20:00:00
135,2106.1170957370778,6,2023-01-11 21:00:00
118,2805.031186174703,3,2023-01-11 22:00:00
777,156.516508463256,1,2023-01-11 23:00:00
189,2237.019992763052,7,2023-01-11 23:00:00
166,1542.8822217553966,7,2023-01-12 00:00:00
118,4747.421204114567,9,2023-01-12 01:00:00
999,9821.774883071803,5,2023-01-12 02:00:00
119,3841.668391382828,5,2023-01-12 02:00:00
195,786.5545612556175,8,2023-01-12 03:00:00
170,4355.493081899773,8,2023-01-12 04:00:00
151,2488.4128714226167,1,2023-01-12 05:00:00
132,4483.305911781048,5,2023-01-12 06:00:00
139,4019.2907541418444,3,2023-01-12 07:00:00
138,2183.5461718992437,1,2023-01-12 08:00:00
666,9950.0,5,2023-01-12 09:00:00
181,210.09961076857525,4,2023-01-12 09:00:00
100,1416.519060986236,8,2023-01-12 10:00:00
110,2754.007651838248,3,2023-01-12 11:00:00
191,3204.0432771481214,2,2023-01-12 12:00:00
999,9611.503948965821,8,2023-01-12 12:00:00
156,1363.6496586226913,9,2023-01-12 13:00:00
188,782.8447629568383,5,2023-01-12 14:00:00
149,4191.158160316565,7,2023-01-12 15:00:00
122,4923.570685447406,2,2023-01-12 16:00:00
130,2675.8818932831605,9,2023-01-12 17:00:00
193,941.2285006566872,9,2023-01-12 18:00:00
141,1434.3058999449079,4,2023-01-12 19:00:00
198,190.11431508258698,4,2023-01-12 20:00:00
106,4580.064152146445,6,2023-01-12 21:00:00
115,676.9803061616916,6,2023-01-12 22:00:00
999,9584.28198554688,8,2023-01-12 22:00:00
189,2924.9307300198425,1,2023-01-12 23:00:00
159,1442.8705813673093,9,2023-01-13 00:00:00
101,2815.4722123273878,2,2023-01-13 01:00:00
100,3291.959902924135,5,2023-01-13 02:00:00
147,4165.734838165288,9,2023-01-13 03:00:00
111,1111.4642316269558,4,2023-01-13 04:00:00
168,153.87956042655435,3,2023-01-13 05:00:00
136,770.7395873371556,7,2023-01-13 06:00:00
131,4510.091345055715,6,2023-01-13 07:00:00
999,9882.979207615239,5,2023-01-13 08:00:00
108,4382.061380056325,8,2023-01-13 08:00:00
198,3027.324200634511,3,2023-01-13 09:00:00
118,3042.5326161249013,5,2023-01-13 10:00:00
147,3358.679705276652,4,2023-01-13 11:00:00
179,959.319265254903,4,2023-01-13 12:00:00
102,4580.618535032303,4,2023-01-13 13:00:00
119,2151.9755719711584,8,2023-01-13 14:00:00
123,1977.3787884225376,6,2023-01-13 15:00:00
153,2642.6967558859037,3,2023-01-13 16:00:00
132,330.13323719776974,5,2023-01-13 17:00:00
123,914.7885069047891,6,2023-01-13 18:00:00
999,9503.545314045388,9,2023-01-13 18:00:00
174,3716.364720489215,5,2023-01-13 19:00:00
171,505.7134728331197,6,2023-01-13 20:00:00
135,3055.445336385302,8,2023-01-13 21:00:00
137,1302.2106374384728,7,2023-01-13 22:00:00
183,2007.548508805685,5,2023-01-13 23:00:00
198,1514.5993101764293,6,2023-01-14 00:00:00
188,1842.7963106782508,4,2023-01-14 01:00:00
198,3623.324935402803,9,2023-01-14 02:00:00
124,1555.8964065535577,4,2023-01-14 03:00:00
999,9899.128342272792,1,2023-01-14 04:00:00
192,2875.3827374547964,1,2023-01-14 04:00:00
117,2432.646970775588,7,2023-01-14 05:00:00
181,3351.988710276976,7,2023-01-14 06:00:00
165,4690.465722691314,4,2023-01-14 07:00:00
153,3689.6032763302264,3,2023-01-14 08:00:00
134,1153.207855094708,8,2023-01-14 09:00:00
179,252.7973618002949,5,2023-01-14 10:00:00
160,1385.093817069143,7,2023-01-14 11:00:00
140,3015.8818604312487,4,2023-01-14 12:00:00
199,351.9864860728267,4,2023-01-14 13:00:00
132,2532.1946112860583,8,2023-01-14 14:00:00
999,9770.728519542958,4,2023-01-14 14:00:00
167,3024.529959692757,8,2023-01-14 15:00:00
132,1737.795065003108,2,2023-01-14 16:00:00
113,3877.4697983545275,2,2023-01-14 17:00:00
120,622.3314403554818,3,2023-01-14 18:00:00
147,468.17513050546296,3,2023-01-14 19:00:00
119,3668.124905397656,1,2023-01-14 20:00:00
107,2527.9074494103725,3,2023-01-14 21:00:00
106,3473.1717424959065,6,2023-01-14 22:00:00
166,2230.6539591583564,8,2023-01-14 23:00:00
999,9831.387719779646,3,2023-01-15 00:00:00
116,1307.3699628716233,6,2023-01-15 00:00:00
132,4113.601356603578,5,2023-01-15 01:00:00
147,4017.1378069479983,4,2023-01-15 02:00:00
175,3504.012707186691,3,2023-01-15 03:00:00
158,1433.5111724268172,4,2023-01-15 04:00:00
185,2992.130267658527,7,2023-01-15 05:00:00
121,1868.7720950061314,1,2023-01-15 06:00:00
129,548.7521593005074,7,2023-01-15 07:00:00
137,4594.83651976499,1,2023-01-15 08:00:00
150,770.4112915029109,2,2023-01-15 09:00:00
153,4756.163033721932,4,2023-01-15 10:00:00
999,9617.847758538477,2,2023-01-15 10:00:00
888,12000.0,1,2023-01-15 11:00:00
107,2285.428287493983,1,2023-01-15 11:00:00
126,1007.1513513092362,9,2023-01-15 12:00:00
126,2755.314642153955,6,2023-01-15 13:00:00
197,4377.434595794401,1,2023-01-15 14:00:00
120,3687.9019434068496,1,2023-01-15 15:00:00
129,4052.1496245211038,6,2023-01-15 16:00:00
196,3328.038496882515,4,2023-01-15 17:00:00
127,3492.155166137477,4,2023-01-15 18:00:00
163,4261.058692670064,6,2023-01-15 19:00:00
196,1323.3732434100111,7,2023-01-15 20:00:00
999,9505.726111066824,8,2023-01-15 20:00:00
168,2498.182321851388,9,2023-01-15 21:00:00
160,1183.926264916051,5,2023-01-15 22:00:00
147,4939.57323918357,9,2023-01-15 23:00:00
118,4725.890764464405,4,2023-01-16 00:00:00
103,293.19137570567887,2,2023-01-16 01:00:00
134,3557.3183453268734,3,2023-01-16 02:00:00
163,4633.716755336763,1,2023-01-16 03:00:00
148,984.8191911239343,6,2023-01-16 04:00:00
116,2882.9316297078844,6,2023-01-16 05:00:00
143,4585.892658181405,1,2023-01-16 06:00:00
191,266.3352950704143,3,2023-01-16 07:00:00
129,3517.3593095095157,5,2023-01-16 08:00:00
192,1557.0101361254988,3,2023-01-16 09:00:00
145,4629.541357344999,3,2023-01-16 10:00:00
105,4858.185401310302,3,2023-01-16 11:00:00
198,4726.905796655827,5,2023-01-16 12:00:00
136,2423.6496616215727,5,2023-01-16 13:00:00
123,4324.008989847636,4,2023-01-16 14:00:00
192,4238.292052821845,1,2023-01-16 15:00:00
145,1663.5923188919526,5,2023-01-16 16:00:00
152,4161.685823338319,5,2023-01-16 17:00:00
194,281.3374101059138,4,2023-01-16 18:00:00
198,3021.72240456206,6,2023-01-16 19:00:00
159,1227.043302709745,4,2023-01-16 20:00:00
196,690.7777403086661,7,2023-01-16 21:00:00
162,477.07068798312486,7,2023-01-16 22:00:00
184,3511.8150018028846,2,2023-01-16 23:00:00
131,1765.387322463524,3,2023-01-17 00:00:00
186,3651.357180490931,1,2023-01-17 01:00:00
132,420.2460699148176,8,2023-01-17 02:00:00
166,1644.9226553699907,9,2023-01-17 03:00:00
117,2743.5073326391525,4,2023-01-17 04:00:00
124,3974.5435077109214,6,2023-01-17 05:00:00
194,1661.8872643671425,9,2023-01-17 06:00:00
153,3166.8677445413446,6,2023-01-17 07:00:00
157,4441.290966357317,9,2023-01-17 08:00:00
166,3117.729622093292,4,2023-01-17 09:00:00
145,1241.5014262928055,8,2023-01-17 10:00:00
123,219.56382962703628,9,2023-01-17 11:00:00
131,4363.484482114556,4,2023-01-17 12:00:00
146,204.22011316689697,5,2023-01-17 13:00:00
185,4386.038196152577,8,2023-01-17 14:00:00
122,2691.791956733339,6,2023-01-17 15:00:00
165,4701.431722713191,7,2023-01-17 16:00:00
126,4014.0378552909606,3,2023-01-17 17:00:00
101,4989.877141613353,7,2023-01-17 18:00:00
189,1818.4878957133797,8,2023-01-17 19:00:00
116,3859.222615762522,6,2023-01-17 20:00:00
132,2069.4614766852865,9,2023-01-17 21:00:00
108,2451.3905394891535,6,2023-01-17 22:00:00
142,3174.7767697700133,9,2023-01-17 23:00:00
147,4381.01785951306,4,2023-01-18 00:00:00
138,4922.008999076546,8,2023-01-18 01:00:00
192,3864.539727936139,4,2023-01-18 02:00:00
141,2147.0572326199353,2,2023-01-18 03:00:00
125,2164.6493111576438,9,2023-01-18 04:00:00
198,3714.153277785568,5,2023-01-18 05:00:00
149,1270.0080142646814,4,2023-01-18 06:00:00
124,641.3231543438338,2,2023-01-18 07:00:00
123,1837.648572439805,1,2023-01-18 08:00:00
112,1507.4710591050004,7,2023-01-18 09:00:00
159,1551.9097902343515,6,2023-01-18 10:00:00
106,1244.6779801445587,2,2023-01-18 11:00:00
156,306.2566292181732,8,2023-01-18 12:00:00
135,187.58228019372768,4,2023-01-18 13:00:00
144,4939.8397097065545,8,2023-01-18 14:00:00
119,2196.0883553057256,7,2023-01-18 15:00:00
164,1983.2005710824403,5,2023-01-18 16:00:00
107,3430.271685196042,8,2023-01-18 17:00:00
115,1169.4440505388145,9,2023-01-18 18:00:00
113,4754.809801356104,5,2023-01-18 19:00:00
175,3953.090570636205,5,2023-01-18 20:00:00
186,538.1139113300717,2,2023-01-18 21:00:00
114,2146.145801346149,5,2023-01-18 22:00:00
191,4407.679707054607,3,2023-01-18 23:00:00
197,4729.18690922791,7,2023-01-19 00:00:00
165,2390.2674051243616,5,2023-01-19 01:00:00
131,3105.715807132468,8,2023-01-19 02:00:00
186,918.4663358511687,1,2023-01-19 03:00:00
162,4956.726268071185,3,2023-01-19 04:00:00
185,1235.1913367788727,3,2023-01-19 05:00:00
150,4719.385693262116,9,2023-01-19 06:00:00
124,3283.2685800626055,5,2023-01-19 07:00:00
157,3077.9102949064095,9,2023-01-19 08:00:00
162,2612.1737039808922,9,2023-01-19 09:00:00
161,1230.2820774170175,1,2023-01-19 10:00:00
121,964.9873568269904,2,2023-01-19 11:00:00
157,1180.3824244438592,5,2023-01-19 12:00:00
157,1013.5474845068471,4,2023-01-19 13:00:00
185,3919.963920477091,9,2023-01-19 14:00:00
148,1815.6137699169774,7,2023-01-19 15:00:00
151,383.4291151606422,6,2023-01-19 16:00:00
141,4848.602887689975,7,2023-01-19 17:00:00
169,4430.5508363207855,1,2023-01-19 18:00:00
114,4645.986187656544,1,2023-01-19 19:00:00
153,4975.048330967533,8,2023-01-19 20:00:00
159,952.0867211754877,2,2023-01-19 21:00:00
196,2041.5858926230278,9,2023-01-19 22:00:00
107,3815.3685309500474,7,2023-01-19 23:00:00
152,3510.501028463582,6,2023-01-20 00:00:00
159,854.0899410652898,1,2023-01-20 01:00:00
104,4097.5823124540275,1,2023-01-20 02:00:00
167,1199.7588019996372,2,2023-01-20 03:00:00
105,1196.706312630853,6,2023-01-20 04:00:00
195,2731.1746721777263,6,2023-01-20 05:00:00
193,3005.4056807243455,2,2023-01-20 06:00:00
146,2942.4224184052746,1,2023-01-20 07:00:00
198,548.2855032489988,5,2023-01-20 08:00:00
154,4399.558226888864,5,2023-01-20 09:00:00
139,1401.4402086846596,2,2023-01-20 10:00:00
151,734.6231142857405,6,2023-01-20 11:00:00
115,4454.865591357988,9,2023-01-20 12:00:00
112,4782.692341325792,2,2023-01-20 13:00:00
129,4324.425324600708,2,2023-01-20 14:00:00
118,4066.6287661519027,3,2023-01-20 15:00:00
116,3310.6857051312063,7,2023-01-20 16:00:00
162,2799.2011159847825,6,2023-01-20 17:00:00
118,526.2351235659097,8,2023-01-20 18:00:00
191,2101.4207440464234,8,2023-01-20 19:00:00
157,1926.1737333603385,6,2023-01-20 20:00:00
154,1372.7935404255984,3,2023-01-20 21:00:00
189,3644.758557074066,3,2023-01-20 22:00:00
189,2529.791101885977,1,2023-01-20 23:00:00
161,497.1264579474749,7,2023-01-21 00:00:00
122,1178.8976895540754,5,2023-01-21 01:00:00
108,3447.96794193202,4,2023-01-21 02:00:00
111,473.0412115024709,4,2023-01-21 03:00:00
100,4270.913878838966,4,2023-01-21 04:00:00
157,2526.217982368474,6,2023-01-21 05:00:00
100,2454.8742289005754,8,2023-01-21 06:00:00
133,3002.7981448316364,8,2023-01-21 07:00:00
195,4140.936733033232,5,2023-01-21 08:00:00
147,1804.265118720746,6,2023-01-21 09:00:00
188,3422.2791475394115,4,2023-01-21 10:00:00
100,2872.086623579376,9,2023-01-21 11:00:00
115,1408.4385238301645,8,2023-01-21 12:00:00
160,4405.286933140274,1,2023-01-21 13:00:00
163,4007.3875058739477,2,2023-01-21 14:00:00
162,3326.4139898262847,9,2023-01-21 15:00:00
168,4267.850472561785,8,2023-01-21 16:00:00
121,4349.741584703032,3,2023-01-21 17:00:00
192,3570.9785859036706,8,2023-01-21 18:00:00
166,4201.365308981993,1,2023-01-21 19:00:00
175,3517.6101621794896,4,2023-01-21 20:00:00
125,3432.689781625472,3,2023-01-21 21:00:00
115,3131.195753254403,6,2023-01-21 22:00:00
150,3788.311533832442,7,2023-01-21 23:00:00
185,877.1650159360611,4,2023-01-22 00:00:00
156,4416.266720074749,7,2023-01-22 01:00:00
128,4372.033285951637,9,2023-01-22 02:00:00
177,243.3116868693398,2,2023-01-22 03:00:00
191,4146.502077767337,3,2023-01-22 04:00:00
168,731.4623506198815,5,2023-01-22 05:00:00
146,1742.0823858697952,3,2023-01-22 06:00:00
193,3743.190455828878,8,2023-01-22 07:00:00
161,887.7234906367102,8,2023-01-22 08:00:00
168,4108.038418183405,8,2023-01-22 09:00:00
175,4177.457471992935,9,2023-01-22 10:00:00
115,2586.5918954280974,4,2023-01-22 11:00:00
189,131.29077141248453,5,2023-01-22 12:00:00
189,1506.4868525570726,5,2023-01-22 13:00:00
147,3122.9419000411367,8,2023-01-22 14:00:00
184,4907.812272334375,7,2023-01-22 15:00:00
138,3195.886282381675,9,2023-01-22 16:00:00
199,1373.037547214383,8,2023-01-22 17:00:00
132,3206.6279451880955,2,2023-01-22 18:00:00
193,2745.928360607692,4,2023-01-22 19:00:00
122,3921.2424362406036,6,2023-01-22 20:00:00
109,624.2051302520962,2,2023-01-22 21:00:00
168,3829.036722259937,7,2023-01-22 22:00:00
199,2752.2062355129406,3,2023-01-22 23:00:00
133,4818.660818909074,3,2023-01-23 00:00:00
151,1775.173613589562,2,2023-01-23 01:00:00
194,3199.847276356346,8,2023-01-23 02:00:00
109,4666.937716999086,6,2023-01-23 03:00:00
118,602.2976671543283,1,2023-01-23 04:00:00
157,4692.41958745861,1,2023-01-23 05:00:00
195,3470.6400392739856,7,2023-01-23 06:00:00
100,432.40158961534235,8,2023-01-23 07:00:00
168,1574.7214780393997,5,2023-01-23 08:00:00
103,3570.04323436188,5,2023-01-23 09:00:00
115,430.0179471969813,4,2023-01-23 10:00:00
123,2952.635254863739,6,2023-01-23 11:00:00
179,1794.826979069488,6,2023-01-23 12:00:00
101,3142.486037060638,3,2023-01-23 13:00:00
191,324.135965681313,9,2023-01-23 14:00:00
131,4370.530350146644,7,2023-01-23 15:00:00
190,4870.095948969245,1,2023-01-23 16:00:00
183,4847.501490899888,7,2023-01-23 17:00:00
123,3773.2939755403313,5,2023-01-23 18:00:00
111,737.4225766400966,5,2023-01-23 19:00:00
149,3815.4896600522106,2,2023-01-23 20:00:00
134,220.4758906481274,4,2023-01-23 21:00:00
132,208.40540249208655,6,2023-01-23 22:00:00
132,1685.6900738327522,7,2023-01-23 23:00:00
160,2494.351632982862,5,2023-01-24 00:00:00
150,3874.9963472581867,9,2023-01-24 01:00:00
142,3448.1473453718754,3,2023-01-24 02:00:00
111,2284.923261246067,1,2023-01-24 03:00:00
166,1440.7706647801629,4,2023-01-24 04:00:00
164,4985.910050772784,9,2023-01-24 05:00:00
132,2188.2883809562672,4,2023-01-24 06:00:00
139,2311.79641921541,2,2023-01-24 07:00:00
173,901.756723839179,5,2023-01-24 08:00:00
142,3994.566788874654,3,2023-01-24 09:00:00
143,3499.0429063292945,9,2023-01-24 10:00:00
128,1181.7711026649258,4,2023-01-24 11:00:00
112,503.6671235176292,6,2023-01-24 12:00:00
111,3434.446580166094,2,2023-01-24 13:00:00
194,3307.1049499775627,6,2023-01-24 14:00:00
145,1438.9716822912258,3,2023-01-24 15:00:00
101,4759.231455027011,9,2023-01-24 16:00:00
134,840.1836697264112,2,2023-01-24 17:00:00
186,2218.440525108749,9,2023-01-24 18:00:00
180,4723.718008821234,5,2023-01-24 19:00:00
189,2156.6638529379993,8,2023-01-24 20:00:00
107,3228.7771435540194,2,2023-01-24 21:00:00
192,2048.2125500176917,6,2023-01-24 22:00:00
125,1443.654491508483,3,2023-01-24 23:00:00
173,4921.490475003158,5,2023-01-25 00:00:00
189,2105.736630943711,8,2023-01-25 01:00:00
133,4481.086098027758,1,2023-01-25 02:00:00
106,1226.7775688663223,5,2023-01-25 03:00:00
167,1144.2130497229082,3,2023-01-25 04:00:00
157,252.55700613410568,4,2023-01-25 05:00:00
174,3293.167444341837,2,2023-01-25 06:00:00
128,1905.7790842464296,9,2023-01-25 07:00:00
135,4335.355424214222,3,2023-01-25 08:00:00
188,2418.72854278863,2,2023-01-25 09:00:00
120,4844.1477967821365,9,2023-01-25 10:00:00
135,1009.0750269452936,7,2023-01-25 11:00:00
109,4356.2535229824925,6,2023-01-25 12:00:00
172,3905.3245786795346,1,2023-01-25 13:00:00
123,3877.5170387558546,5,2023-01-25 14:00:00
163,4239.437817772749,3,2023-01-25 15:00:00
198,3829.0175556206946,1,2023-01-25 16:00:00
148,3168.479575993935,4,2023-01-25 17:00:00
198,743.0999006436991,2,2023-01-25 18:00:00
135,259.3782795071344,2,2023-01-25 19:00:00
181,4612.154454296866,3,2023-01-25 20:00:00
195,3121.5865411516165,8,2023-01-25 21:00:00
123,4003.032725783264,8,2023-01-25 22:00:00
122,2459.4595224114955,7,2023-01-25 23:00:00
161,674.8101259157329,6,2023-01-26 00:00:00
195,713.4103817924971,9,2023-01-26 01:00:00
136,3459.2699074219595,4,2023-01-26 02:00:00
111,2208.4988850073673,1,2023-01-26 03:00:00
154,1082.5711608316499,8,2023-01-26 04:00:00
112,2508.8132790330405,7,2023-01-26 05:00:00
122,414.623791668157,7,2023-01-26 06:00:00
188,2951.659869380554,3,2023-01-26 07:00:00
198,1418.0676817319786,4,2023-01-26 08:00:00
129,4008.039593122222,9,2023-01-26 09:00:00
116,1620.7735987255114,6,2023-01-26 10:00:00
161,2330.5787305008257,5,2023-01-26 11:00:00
183,156.9406455496931,3,2023-01-26 12:00:00
188,454.9897501933385,9,2023-01-26 13:00:00
185,2023.2184263927556,5,2023-01-26 14:00:00
112,2451.7002901139053,5,2023-01-26 15:00:00
158,3040.100685784588,4,2023-01-26 16:00:00
118,1529.146635675586,4,2023-01-26 17:00:00
148,3505.4112420200586,1,2023-01-26 18:00:00
199,4314.5997462271025,7,2023-01-26 19:00:00
111,3921.269845577414,9,2023-01-26 20:00:00
160,294.13224420695,3,2023-01-26 21:00:00
118,2454.4840415633616,2,2023-01-26 22:00:00
175,614.1578742490568,3,2023-01-26 23:00:00
108,1286.0205777263845,1,2023-01-27 00:00:00
170,4934.6467070090175,6,2023-01-27 01:00:00
127,798.2281602174148,7,2023-01-27 02:00:00
177,2544.5519519116447,2,2023-01-27 03:00:00
194,3128.9630981587834,8,2023-01-27 04:00:00
151,3542.0783556661095,6,2023-01-27 05:00:00
182,2842.278549085879,4,2023-01-27 06:00:00
115,147.87715235399992,5,2023-01-27 07:00:00
168,1699.6604103955603,8,2023-01-27 08:00:00
198,2636.787052585086,3,2023-01-27 09:00:00
111,530.5458458096834,3,2023-01-27 10:00:00
124,1818.0719629249857,4,2023-01-27 11:00:00
151,262.6952330776962,1,2023-01-27 12:00:00
184,485.03463605960167,9,2023-01-27 13:00:00
199,2044.9240533878208,8,2023-01-27 14:00:00
152,750.3071948109957,8,2023-01-27 15:00:00
122,2880.950156481635,6,2023-01-27 16:00:00
115,3478.3783487726023,7,2023-01-27 17:00:00
156,4022.874825634506,6,2023-01-27 18:00:00
138,1080.7361967995694,9,2023-01-27 19:00:00
152,920.6646530694418,3,2023-01-27 20:00:00
141,612.3824176385613,3,2023-01-27 21:00:00
157,3218.50822276382,3,2023-01-27 22:00:00
138,3561.731059785816,3,2023-01-27 23:00:00
113,254.77210964564597,9,2023-01-28 00:00:00
194,4687.44000659408,4,2023-01-28 01:00:00
104,354.6592898922148,7,2023-01-28 02:00:00
134,2752.3520429752452,9,2023-01-28 03:00:00
186,3574.3965453094906,7,2023-01-28 04:00:00
192,4367.748706355819,9,2023-01-28 05:00:00
174,3599.025967448896,3,2023-01-28 06:00:00
117,4028.46760704198,4,2023-01-28 07:00:00
175,1763.3059434597496,8,2023-01-28 08:00:00
108,4092.64305735791,6,2023-01-28 09:00:00
173,492.5627472849082,5,2023-01-28 10:00:00
157,4484.601614696586,4,2023-01-28 11:00:00
116,2783.2026431533077,8,2023-01-28 12:00:00
106,4104.7590728162195,1,2023-01-28 13:00:00
145,2316.3595941396707,9,2023-01-28 14:00:00
112,3253.5307064629724,1,2023-01-28 15:00:00
139,2679.373038586955,8,2023-01-28 16:00:00
141,3684.788656601126,4,2023-01-28 17:00:00
108,499.9869119498889,9,2023-01-28 18:00:00
149,395.7252115537626,5,2023-01-28 19:00:00
126,1310.8058466497175,3,2023-01-28 20:00:00
165,881.7689325546229,9,2023-01-28 21:00:00
104,4371.739476301788,9,2023-01-28 22:00:00
128,1174.1485380544173,4,2023-01-28 23:00:00
136,4881.739753513743,4,2023-01-29 00:00:00
137,1750.7893796784235,8,2023-01-29 01:00:00
182,992.3777868746265,2,2023-01-29 02:00:00
107,3969.5226849981477,9,2023-01-29 03:00:00
164,3327.6680999542928,6,2023-01-29 04:00:00
185,2541.159010620381,9,2023-01-29 05:00:00
116,2821.281399594393,8,2023-01-29 06:00:00
170,3624.0887135340927,7,2023-01-29 07:00:00
188,1219.4282325233637,1,2023-01-29 08:00:00
144,4982.036188678036,3,2023-01-29 09:00:00
103,4876.486494519238,2,2023-01-29 10:00:00
135,3286.5958630999908,5,2023-01-29 11:00:00
169,1077.758009552811,5,2023-01-29 12:00:00
130,3433.1183879133273,5,2023-01-29 13:00:00
118,453.77220399796164,4,2023-01-29 14:00:00
160,250.19726080844973,5,2023-01-29 15:00:00
153,1362.646153704947,3,2023-01-29 16:00:00
138,2366.85248802265,1,2023-01-29 17:00:00
190,4354.535276501065,5,2023-01-29 18:00:00
173,3663.1284418549094,9,2023-01-29 19:00:00
189,3739.261953879907,9,2023-01-29 20:00:00
118,2184.9173387955693,4,2023-01-29 21:00:00
138,1795.0814634801184,3,2023-01-29 22:00:00
166,1918.0899386245533,1,2023-01-29 23:00:00
144,4939.482862306683,2,2023-01-30 00:00:00
112,296.5350379211642,8,2023-01-30 01:00:00
191,4348.454330999998,1,2023-01-30 02:00:00
157,2935.509502004728,8,2023-01-30 03:00:00
119,2249.215554028993,7,2023-01-30 04:00:00
191,3653.762536034169,8,2023-01-30 05:00:00
171,2484.677812981044,6,2023-01-30 06:00:00
160,4379.773866600137,9,2023-01-30 07:00:00
138,4513.439133655167,3,2023-01-30 08:00:00
100,2166.4325416799315,4,2023-01-30 09:00:00
102,1456.4562064517527,6,2023-01-30 10:00:00
176,3002.516610107475,8,2023-01-30 11:00:00
191,4570.5803935217855,5,2023-01-30 12:00:00
161,1132.2447261277662,3,2023-01-30 13:00:00
162,3152.5362594610656,6,2023-01-30 14:00:00
124,3194.645078453351,4,2023-01-30 15:00:00
155,3692.253809834877,9,2023-01-30 16:00:00
132,744.681657123573,3,2023-01-30 17:00:00
137,3607.542326942234,4,2023-01-30 18:00:00
105,4554.259351261641,7,2023-01-30 19:00:00
157,980.4472334641856,7,2023-01-30 20:00:00
143,1263.9622921270004,4,2023-01-30 21:00:00
144,4859.835960804034,6,2023-01-30 22:00:00
131,986.7870682764999,3,2023-01-30 23:00:00
144,4286.486957510938,6,2023-01-31 00:00:00
160,2512.1614965953704,2,2023-01-31 01:00:00
146,1311.4322645755676,8,2023-01-31 02:00:00
120,4366.674516235305,2,2023-01-31 03:00:00
179,2281.995749513061,7,2023-01-31 04:00:00
184,2622.6050342554818,9,2023-01-31 05:00:00
174,1860.2435100588518,1,2023-01-31 06:00:00
135,3005.4591720311446,8,2023-01-31 07:00:00
198,901.2669756666115,7,2023-01-31 08:00:00
118,2016.2995295936275,6,2023-01-31 09:00:00
119,4850.120379442908,6,2023-01-31 10:00:00
156,1364.853820235525,6,2023-01-31 11:00:00
117,3318.0096562523318,9,2023-01-31 12:00:00
146,1693.4313147010048,2,2023-01-31 13:00:00
148,3890.018315864343,1,2023-01-31 14:00:00
113,741.2809375199141,6,2023-01-31 15:00:00
114,4852.123120884869,8,2023-01-31 16:00:00
130,2323.5687527798323,3,2023-01-31 17:00:00
100,1256.6472703976733,1,2023-01-31 18:00:00
153,460.134061917062,9,2023-01-31 19:00:00
102,931.8137349289497,1,2023-01-31 20:00:00
115,2646.8923479244863,3,2023-01-31 21:00:00
186,1751.315564513303,8,2023-01-31 22:00:00
156,4161.528492824787,3,2023-01-31 23:00:00
174,2211.348865942849,4,2023-02-01 00:00:00
111,1318.6999356793865,8,2023-02-01 01:00:00
173,3124.0104343597473,1,2023-02-01 02:00:00
195,3563.2083627386846,6,2023-02-01 03:00:00
115,918.5053487146544,1,2023-02-01 04:00:00
171,921.3341598127565,1,2023-02-01 05:00:00
175,279.68999197436057,8,2023-02-01 06:00:00
123,3708.3698738216385,4,2023-02-01 07:00:00
127,3352.642185346845,1,2023-02-01 08:00:00
107,2425.691291174088,7,2023-02-01 09:00:00
191,4236.435199949066,5,2023-02-01 10:00:00
135,4047.7837494552605,5,2023-02-01 11:00:00
189,2968.2363855440854,1,2023-02-01 12:00:00
107,4354.529274514967,6,2023-02-01 13:00:00
157,1108.6219291801644,9,2023-02-01 14:00:00
159,648.4061350488666,9,2023-02-01 15:00:00
149,1421.773096433249,8,2023-02-01 16:00:00
127,379.7255948376428,5,2023-02-01 17:00:00
191,2702.7306872050567,1,2023-02-01 18:00:00
140,4689.367892245311,9,2023-02-01 19:00:00
199,292.7833492756973,1,2023-02-01 20:00:00
163,698.3385786491314,8,2023-02-01 21:00:00
126,2315.775238588833,5,2023-02-01 22:00:00
162,4675.987585886734,3,2023-02-01 23:00:00
116,1649.1649143860775,7,2023-02-02 00:00:00
172,2585.450562573123,7,2023-02-02 01:00:00
132,303.70700934692127,9,2023-02-02 02:00:00
183,826.8816847142355,7,2023-02-02 03:00:00
176,4934.48760249835,3,2023-02-02 04:00:00
191,4829.081612536623,1,2023-02-02 05:00:00
128,124.20590657860711,8,2023-02-02 06:00:00
112,4763.877748573871,3,2023-02-02 07:00:00
145,3231.687695295952,8,2023-02-02 08:00:00
134,4352.799643148109,8,2023-02-02 09:00:00
105,2328.2252926059095,5,2023-02-02 10:00:00
181,2626.420540038326,1,2023-02-02 11:00:00
168,2495.348243258909,7,2023-02-02 12:00:00
146,3367.6348619759115,5,2023-02-02 13:00:00
124,784.2911483059332,8,2023-02-02 14:00:00
165,246.87059037612198,9,2023-02-02 15:00:00
109,1608.8567137968355,7,2023-02-02 16:00:00
155,3552.935737409569,7,2023-02-02 17:00:00
129,1089.081915402447,1,2023-02-02 18:00:00
104,3399.818923292095,4,2023-02-02 19:00:00
132,4852.569025925625,2,2023-02-02 20:00:00
164,560.1135073681501,2,2023-02-02 21:00:00
117,3395.7503793031187,2,2023-02-02 22:00:00
195,2274.3760745923987,4,2023-02-02 23:00:00
148,4353.897046449776,1,2023-02-03 00:00:00
110,968.0339682921909,4,2023-02-03 01:00:00
184,3493.867165908206,2,2023-02-03 02:00:00
125,4206.76491927574,5,2023-02-03 03:00:00
162,4728.609675422714,3,2023-02-03 04:00:00
188,3447.9153386192643,8,2023-02-03 05:00:00
185,2536.156343641294,4,2023-02-03 06:00:00
158,3127.451476985948,1,2023-02-03 07:00:00
126,4357.634423945719,1,2023-02-03 08:00:00
148,2895.9877585302656,3,2023-02-03 09:00:00
176,248.8965925145006,9,2023-02-03 10:00:00
132,4661.648607984192,7,2023-02-03 11:00:00
197,3478.6810800546496,2,2023-02-03 12:00:00
198,3414.915590308508,9,2023-02-03 13:00:00
100,1156.808246748814,2,2023-02-03 14:00:00
120,3328.53880414002,3,2023-02-03 15:00:00
154,2029.9355877053765,2,2023-02-03 16:00:00
105,3291.0415875033113,3,2023-02-03 17:00:00
191,622.3058485091545,6,2023-02-03 18:00:00
180,3323.4419925548764,9,2023-02-03 19:00:00
168,4997.127256276266,9,2023-02-03 20:00:00
194,336.2389904167245,7,2023-02-03 21:00:00
104,4888.153502684455,3,2023-02-03 22:00:00
102,2093.849007542066,4,2023-02-03 23:00:00
152,4366.69190665257,6,2023-02-04 00:00:00
122,3933.68887188554,5,2023-02-04 01:00:00
152,2878.379678834672,2,2023-02-04 02:00:00
136,3718.4011253314998,6,2023-02-04 03:00:00
173,4404.726250376605,3,2023-02-04 04:00:00
173,2080.2875760900615,8,2023-02-04 05:00:00
182,1702.4624916598696,2,2023-02-04 06:00:00
116,3371.2075892615653,1,2023-02-04 07:00:00
184,4058.445115512167,9,2023-02-04 08:00:00
177,3835.197160405417,3,2023-02-04 09:00:00
172,4009.286879407309,1,2023-02-04 10:00:00
100,2234.3582425833715,7,2023-02-04 11:00:00
150,4107.387659257605,5,2023-02-04 12:00:00
144,689.0243713159814,5,2023-02-04 13:00:00
176,2767.9965800081627,1,2023-02-04 14:00:00
103,128.2174364407957,9,2023-02-04 15:00:00
161,1690.4705665113245,7,2023-02-04 16:00:00
164,1895.6615208698495,8,2023-02-04 17:00:00
131,2041.2461888853513,9,2023-02-04 18:00:00
133,3507.7893127803245,6,2023-02-04 19:00:00
191,2003.934696224694,5,2023-02-04 20:00:00
194,2298.5987508504004,6,2023-02-04 21:00:00
171,1263.9662412842047,2,2023-02-04 22:00:00
138,1928.9337789837664,4,2023-02-04 23:00:00
125,1213.6211735894422,3,2023-02-05 00:00:00
133,458.66002646537385,7,2023-02-05 01:00:00
153,3056.8981075687516,9,2023-02-05 02:00:00
102,3374.24271291958,5,2023-02-05 03:00:00
149,3135.502695447111,6,2023-02-05 04:00:00
111,2371.1208146228046,2,2023-02-05 05:00:00
164,1960.9503228782262,3,2023-02-05 06:00:00
153,4330.334882901943,3,2023-02-05 07:00:00
104,2643.5007471674685,9,2023-02-05 08:00:00
193,2447.9912003856816,7,2023-02-05 09:00:00
193,225.64612245153486,8,2023-02-05 10:00:00
156,1772.1143553681661,9,2023-02-05 11:00:00
116,1962.9585320506997,6,2023-02-05 12:00:00
146,2054.2316263948123,4,2023-02-05 13:00:00
122,2942.8446092139284,1,2023-02-05 14:00:00
178,2714.652478961704,8,2023-02-05 15:00:00
184,3078.7349546878786,7,2023-02-05 16:00:00
113,3847.9279815564287,2,2023-02-05 17:00:00
165,4083.630119708858,8,2023-02-05 18:00:00
174,3618.8030735098228,5,2023-02-05 19:00:00
150,4782.06611017918,7,2023-02-05 20:00:00
137,189.339655114172,4,2023-02-05 21:00:00
163,1059.3121298493759,5,2023-02-05 22:00:00
197,137.0580873928964,8,2023-02-05 23:00:00
137,3272.6260993575547,1,2023-02-06 00:00:00
149,4500.349689854936,1,2023-02-06 01:00:00
197,1293.0632532238665,4,2023-02-06 02:00:00
181,4642.469269501903,3,2023-02-06 03:00:00
129,395.31021241884815,2,2023-02-06 04:00:00
178,4678.73653134702,3,2023-02-06 05:00:00
190,1822.9511674742087,1,2023-02-06 06:00:00
150,596.9620594011609,1,2023-02-06 07:00:00
162,2480.7716200129958,6,2023-02-06 08:00:00
197,1358.205181830489,5,2023-02-06 09:00:00
151,1495.8772196134219,8,2023-02-06 10:00:00
137,1605.720828138804,2,2023-02-06 11:00:00
196,4034.8268993800507,4,2023-02-06 12:00:00
187,2741.890255708747,8,2023-02-06 13:00:00
178,1625.407725864418,6,2023-02-06 14:00:00
129,3090.6355382235,1,2023-02-06 15:00:00
150,3609.1383036936486,4,2023-02-06 16:00:00
180,1435.8576035943154,1,2023-02-06 17:00:00
104,2126.3905974742224,2,2023-02-06 18:00:00
128,697.241857351043,5,2023-02-06 19:00:00
103,987.6318127199336,8,2023-02-06 20:00:00
109,3437.4774844284157,8,2023-02-06 21:00:00
155,989.047903708572,3,2023-02-06 22:00:00
116,2673.300579968595,4,2023-02-06 23:00:00
173,3574.32668243992,6,2023-02-07 00:00:00
116,623.6969231642448,3,2023-02-07 01:00:00
183,2879.8298761816272,2,2023-02-07 02:00:00
187,1357.1576401366824,6,2023-02-07 03:00:00
168,4818.341688664141,5,2023-02-07 04:00:00
133,2469.373668927631,5,2023-02-07 05:00:00
105,4049.3634938982746,5,2023-02-07 06:00:00
152,2796.1100565656825,5,2023-02-07 07:00:00
165,312.7214109886139,3,2023-02-07 08:00:00
176,3202.4417404107094,7,2023-02-07 09:00:00
142,4761.876376812619,6,2023-02-07 10:00:00
174,3047.897918717023,4,2023-02-07 11:00:00
122,4114.025411191272,2,2023-02-07 12:00:00
154,4432.611670407198,9,2023-02-07 13:00:00
179,1217.590882549769,1,2023-02-07 14:00:00
194,1139.0197155503106,4,2023-02-07 15:00:00
174,3093.8068453698593,1,2023-02-07 16:00:00
115,2114.039502052853,6,2023-02-07 17:00:00
107,4215.32038404693,4,2023-02-07 18:00:00
103,4510.113304650255,5,2023-02-07 19:00:00
103,1831.7647585833188,5,2023-02-07 20:00:00
155,1260.665738974962,9,2023-02-07 21:00:00
124,3924.575024694923,1,2023-02-07 22:00:00
166,1446.549574185867,2,2023-02-07 23:00:00
195,4130.810160717025,6,2023-02-08 00:00:00
166,2176.317442878938,5,2023-02-08 01:00:00
126,3370.9945065282054,7,2023-02-08 02:00:00
192,568.123037789874,3,2023-02-08 03:00:00
131,3156.910690915208,3,2023-02-08 04:00:00
149,2313.6616258124227,2,2023-02-08 05:00:00
160,2974.381469559823,3,2023-02-08 06:00:00
150,923.2696179498307,1,2023-02-08 07:00:00
118,3710.681350226492,5,2023-02-08 08:00:00
120,4327.705679961819,5,2023-02-08 09:00:00
104,1162.0250204448007,7,2023-02-08 10:00:00
181,569.0013220487924,4,2023-02-08 11:00:00
191,215.82907162704834,3,2023-02-08 12:00:00
141,3245.6603521720035,1,2023-02-08 13:00:00
160,3074.760776835026,8,2023-02-08 14:00:00
121,2778.817322298943,3,2023-02-08 15:00:00
120,1236.5407709682795,2,2023-02-08 16:00:00
169,2015.4393799370218,4,2023-02-08 17:00:00
100,3012.934042412248,3,2023-02-08 18:00:00
104,2534.15760840993,1,2023-02-08 19:00:00
111,4940.149049052948,3,2023-02-08 20:00:00
189,768.5547875279923,2,2023-02-08 21:00:00
145,3506.2083148332094,8,2023-02-08 22:00:00
133,2081.1619637110316,6,2023-02-08 23:00:00
148,2198.1781131355124,9,2023-02-09 00:00:00
177,3616.2290517250635,8,2023-02-09 01:00:00
189,3492.9371414894113,3,2023-02-09 02:00:00
144,4957.154369140722,5,2023-02-09 03:00:00
126,729.1320183252136,7,2023-02-09 04:00:00
172,610.1372819824151,5,2023-02-09 05:00:00
125,3649.2602039308317,8,2023-02-09 06:00:00
146,2934.0958933314046,5,2023-02-09 07:00:00
185,1443.3872661430487,1,2023-02-09 08:00:00
155,489.1549080460344,5,2023-02-09 09:00:00
193,519.7254230225096,4,2023-02-09 10:00:00
162,4481.535285854179,6,2023-02-09 11:00:00
147,1040.1498911218403,3,2023-02-09 12:00:00
160,1684.5206543660518,5,2023-02-09 13:00:00
180,1210.6163709122413,2,2023-02-09 14:00:00
125,1839.4818985764928,6,2023-02-09 15:00:00
135,440.1768294558575,6,2023-02-09 16:00:00
100,2643.392975450525,5,2023-02-09 17:00:00
107,431.301561601853,6,2023-02-09 18:00:00
198,4021.7468883295714,7,2023-02-09 19:00:00
151,1245.1892013611218,5,2023-02-09 20:00:00
178,2746.058381562102,1,2023-02-09 21:00:00
146,4412.387529051145,8,2023-02-09 22:00:00
155,3289.2991083312513,4,2023-02-09 23:00:00
185,2711.493154101543,9,2023-02-10 00:00:00
113,1689.2353902653404,6,2023-02-10 01:00:00
189,1731.7093739851698,1,2023-02-10 02:00:00
127,3380.4860804711316,3,2023-02-10 03:00:00
186,4971.282869983721,3,2023-02-10 04:00:00
177,3343.0120302619553,4,2023-02-10 05:00:00
187,2833.1387451131222,6,2023-02-10 06:00:00
101,3680.187500172306,7,2023-02-10 07:00:00
125,2379.507500190219,4,2023-02-10 08:00:00
113,394.69747874384757,6,2023-02-10 09:00:00
158,2855.254397801758,1,2023-02-10 10:00:00
155,4792.363894076363,8,2023-02-10 11:00:00
106,958.9844175525322,7,2023-02-10 12:00:00
102,3481.023965021262,9,2023-02-10 13:00:00
122,1084.5750744293769,3,2023-02-10 14:00:00
117,2725.5556539180984,2,2023-02-10 15:00:00
137,573.7146032689261,1,2023-02-10 16:00:00
198,2306.817587665107,3,2023-02-10 17:00:00
114,3805.2003115867055,5,2023-02-10 18:00:00
163,1803.1004687710122,2,2023-02-10 19:00:00
188,3358.0674499873685,3,2023-02-10 20:00:00
127,3997.704807869673,4,2023-02-10 21:00:00
173,4643.171315449318,7,2023-02-10 22:00:00
138,1249.7462010917225,3,2023-02-10 23:00:00
156,2056.6479874656097,9,2023-02-11 00:00:00
116,846.8384653190454,8,2023-02-11 01:00:00
185,4963.169160576039,4,2023-02-11 02:00:00
189,4642.304742829047,1,2023-02-11 03:00:00
143,2745.789938374742,1,2023-02-11 04:00:00
124,4225.963142444464,1,2023-02-11 05:00:00
116,2652.6940886330067,1,2023-02-11 06:00:00
112,3155.5698712135227,8,2023-02-11 07:00:00
183,536.7097173684814,3,2023-02-11 08:00:00
124,3800.825060434359,6,2023-02-11 09:00:00
167,725.7960698126507,3,2023-02-11 10:00:00
109,4147.731388237389,5,2023-02-11 11:00:00
166,3931.937629584891,7,2023-02-11 12:00:00
117,3572.8490189405848,2,2023-02-11 13:00:00
199,277.1858645713344,6,2023-02-11 14:00:00
185,1585.32894413211,6,2023-02-11 15:00:00
